Date,Tweet
2023-04-03T00:45:50.000Z,"RT @LikhaNft: Likha ü§ù GCash 

House of Ohlala NFT Reen Barrera is bringing us closer to the enigmatic world of NFTs through House of Ohlala‚Ä¶"
2023-04-03T00:26:44.000Z,"RT @AlterFamousPH: Miss meh guys?!
I'm Back Alterworld! ü§§üíñ
-
( AVAIL, VJAKS &amp; COLLAB )
FB: Jhustine Uyy Layson Jaudines
IG: JustineJaudines‚Ä¶"
2023-04-02T23:09:20.000Z,"RT @UrsBolt: #Alipay best global platform:

@Alipay top driven by impressive performance in coverage, connectivity &amp; ecosystem, while #GCas‚Ä¶"
